<?xml version="1.0" encoding="UTF-8"?>
<project-private xmlns="http://www.netbeans.org/ns/project-private/1">
    <editor-bookmarks xmlns="http://www.netbeans.org/ns/editor-bookmarks/2" lastBookmarkId="0"/>
    <open-files xmlns="http://www.netbeans.org/ns/projectui-open-files/2">
        <group name="Laborki">
            <file>file:/C:/xampp/htdocs/skrypty/services.php</file>
            <file>file:/C:/xampp/htdocs/index.php</file>
            <file>file:/C:/xampp/htdocs/klasy/Strona.php</file>
            <file>file:/C:/xampp/htdocs/klasy/Baza.php</file>
            <file>file:/C:/xampp/htdocs/skrypty/pokaz_zamowienia.php</file>
            <file>file:/C:/xampp/htdocs/klasy/RegistrationForm.php</file>
            <file>file:/C:/xampp/htdocs/klasy/UserManager.php</file>
            <file>file:/C:/xampp/htdocs/klasy/User.php</file>
            <file>file:/C:/xampp/htdocs/skrypty/galeria.php</file>
            <file>file:/C:/xampp/htdocs/skrypty/funkcje.php</file>
            <file>file:/C:/xampp/htdocs/skrypty/pokaz_moje_zamowienia.php</file>
            <file>file:/C:/xampp/htdocs/zalogowany.php</file>
            <file>file:/C:/xampp/htdocs/skrypty/pokaz_zainteresowanych.php</file>
            <file>file:/C:/xampp/htdocs/skrypty/pokaz_zalogowanych.php</file>
        </group>
    </open-files>
</project-private>
